Test Name,SRL,SRL BERT
One verb,0.23529411764705882,0.23529411764705882
Spelling Errors,0.3333333333333333,0.3333333333333333
Active vs. Passive,0.5555555555555556,0.6666666666666666
Instruments,0.2,0.8
Context,0.5,0.0
Slang,0.15384615384615385,0.15384615384615385
Long Distance,0.3333333333333333,0.3333333333333333
